"CommID","SampID","SpID","TaxonID","Strain_photo","Notes","Strain_myco"
1,23,1,"Usn_str",,,
2,23,2,"Fla_cap",,,
3,23,3,"Pun_rud",,,
4,23,6,"Pyx_sub",,,
5,23,5,"Pmo_ret",,,
6,23,7,"Per_con","p26",,
7,23,8,"Can_car","p12",,
8,23,10,"Bue_eru",,,
9,23,13,"UnID_cr1",,,
10,24,1,"Usn_str","p10",,
11,24,2,"Pun_rud","p25",,
12,24,3,"Pmo_ret","p15","medulla PD+ gold-orange K+ red",
13,24,4,"Fla_cap","p22",,
14,24,6,"Pyx_sub","p18",,
15,24,8,"Pmo_hyp","p26",,
16,24,9,"Can_car",,,
17,24,11,"Htr_liv","p9",,
18,24,14,"Art_sus","p5",,
19,24,16,"Lec_sp1",,,
20,24,17,"Phy_mil",,,
21,24,18,"Lec_str",,"previously Lec_sp2",
22,24,19,"Lep_sp1",,"keys to Lepraria incana; thallus interspersed with black grains; appears to have blue-brown parasitic? hyphae",
23,24,20,"Bue_eru",,,
24,24,21,"UnID_cr1",,,
25,24,22,"UnID_cr2",,,
26,24,24,"Pmo_sub",,"previously IDed as Pmo_sp1",
27,20,1,"Pun_rud",,,
28,20,2,"Fla_cap",,,
29,20,3,"Pmo_hyp",,,
30,20,6,"Pmo_ret",,"sorediate",
31,20,7,"Pmo_ult","p6",,
32,20,8,"Lec_cae","p1",,
33,20,10,"Bue_eru","p1",,
34,20,11,"Art_sus",,,
35,20,14,"Pyx_sub",,,
36,20,15,"Pmo",,"K+ red PD+ yellow no reproduction long cilia brown underside",
37,20,16,"Phy_mil",,,
38,20,17,"Usn",,"no reproduction; pink axis; PD+ yellow",
39,20,18,"Cdl_eff",,,
40,24,15,"Per_con",,,
41,21,1,"Pun_rud",,,
42,21,2,"Htr_liv",,,
43,21,3,"Pmo_ult",,"K+ red PD+ gold-orange isidiate",
44,21,4,"Fla_cap",,,
45,21,5,"Phy_mil","p23",,
46,21,6,"Pyx_sub",,,
47,21,7,"Cdl_eff",,"maybe Chrysothrix",
48,21,8,"Pmo_ret",,,
49,21,9,"Can_car",,,
50,21,12,"Pmo_sub","p4",,
51,21,15,"UnID_cr1",,,
52,21,16,"UnID_cr13",,"could be Pyr_var",
53,21,17,"Mar_pol",,,
54,21,10,"Lec_str","p28",,
55,21,19,"Usn",,"medulla PD+ yellow; not red prob not U strigosa",
57,19,1,"Usn_str",,,
58,19,2,"Usn_str","p1","previously Usn_sp1",
59,19,3,"Can_car",,,
60,19,4,"Phy_mil",,,
61,19,5,"Cdl_eff",,,
62,19,6,"Fla_cap",,,
63,19,7,"Htr_liv",,,
64,19,8,"Mar_pol","p32",,
65,19,10,"Pmo_sp2","p6",,
66,19,11,"Pun_rud",,,
67,19,12,"Pmo_ult","p6","previously IDed as Pmo_sp1 prior to photobiont sequencing",
68,19,9,"Pmo_ret",,,
69,19,13,"Pmo_hyp",,,
70,19,14,"Bue_sp1",,"could be Bue_eru",
71,19,15,"Pyr_var",,,
72,19,16,"Pyx_sub",,,
73,19,17,"UnID_cr4",,,
74,19,18,"Per_sp1",,,
75,22,1,"Usn_str","p2","previously Usn_sp2",
76,22,2,"Fla_cap",,,
77,22,4,"Pun_rud",,,
78,22,5,"Pyx_sub",,,
79,22,7,"Pps_min",,"cortex K+ yellow medulla K- C- PD+ yellow possibly isidia",
80,22,8,"Pmo_hyp",,,
81,22,9,"Htr",,,
82,22,10,"Pyr_var","p3",,
83,22,11,"Pmo_ret",,,
84,22,13,"Art_rub","p29",,
85,22,14,"Can_car",,,
86,22,16,"Lec_sp1","p3",,
87,22,17,"Mar_pol",,,
88,22,18,"Bue_eru",,,
89,22,20,"Htr_liv",,,
90,22,21,"Phy_mil",,,
91,22,23,"UnID_cr5",,,
92,22,24,"Lep_sp1",,"did not spot test because too small",
93,22,25,"UnID_cr6",,,
94,22,27,"Lec",,"Lec_sp2 or Lec_str",
95,25,1,"Pmo_sub",,,
96,25,2,"Fla_cap",,,
97,25,3,"Per_sp2","p33",,
98,25,4,"Lec_sp1",,,
99,25,5,"Phy_pum","p20","locules maybe round so possibly P neogaea",
100,25,6,"Pyx_sub",,,
101,25,7,"UnID_cr1",,,
102,25,8,"Cdl_eff",,,
103,25,9,"Bue_eru",,,
104,25,10,"Pyr_var",,,
105,25,11,"UnID_cr7",,,
106,25,12,"Phy",,,
107,25,14,"Phy_mil",,,
108,25,16,"Pun_rud",,,
109,26,1,"Pmo_sub",,"K- C- KC+ pink PD+ orange pycnidia on lobe margins wrinkled",
110,26,2,"Fla_cap",,,
111,26,3,"Pyr_var",,,
112,26,4,"Lec_str","p3","previously Lec_sp2",
113,26,5,"Lec_sp1",,,
114,26,6,"Cdl_eff",,,
115,26,7,"Bue_eru",,,
116,26,8,"UnID_cr1",,,
117,26,9,"Phy_mil",,,
118,26,10,"Pmo",,,
119,27,1,"Cnd_con",,,
120,27,2,"Bue_eru",,,
121,27,3,"Ope_vul",,,
122,27,4,"Per_tet",,,
123,27,5,"Pyr_var",,"did not see spores; did nto spot test b/c too small",
124,27,6,"Lec_sp1",,,
125,27,9,"Phy_ame","p24",,
126,27,10,"Cat_nig",,,
127,27,12,"UnID_cr1",,,
128,27,15,"Art_sus",,,
129,27,17,"Pun",,,
130,27,18,"Lep",,,
131,27,19,"Phy_mil",,,
132,27,20,"Fla_cap",,,
133,28,1,"Art_sus",,,
134,28,2,"Ope_vul",,,
135,28,3,"Lec_sp1",,,
136,28,4,"Pmo_hyp",,"no soredia; long cilia; K+ red-orange PD+ yellow",
137,28,5,"Phy_mil",,,
138,28,6,"Lep",,"may be algae from dead thallus",
139,28,7,"Cnd_con","p31",,
140,28,8,"Phy",,"no reproduction; not P millegrana",
141,28,9,"UnID_cr1",,,
142,28,10,"Htr",,"no reproduction",
143,28,11,"Per",,"K+ deep yellow C-; not developed enough to distinguish species possibly Per_tet or Per_sp2",
144,28,12,"Fol",,"probably Fla_cap",
145,28,13,"Bue_eru",,,
146,28,14,"Ani_pol",,,
147,29,1,"Pmo_sub",,"maybe not Pmo_sub PD+ orange K- pycnidia on rim",
148,29,2,"Per_sp2",,,
149,29,3,"Lec_sp1",,,
150,29,4,"Bue_eru",,,
151,29,5,"Per_sp3",,,
152,29,6,"Pyr_var",,,
153,29,8,"UnID_cr7",,"not sure if pycnidia did not section",
154,30,1,"Art_sus",,,
155,30,2,"Lec_sp1",,,
156,30,10,"UnID_cr7",,"definitely pycnidia",
157,30,3,"Lec_str",,"previously Lec_sp2",
158,30,4,"Bue_eru",,,
159,30,5,"Fla_cap",,,
160,30,6,"UnID_cr1",,"did not spot test; may be same as UnID_cr7",
161,30,7,"Pyr_var",,"possibly incorrect ID; apothecia somewhat lighter",
162,30,8,"Per_sp3",,,
163,30,9,"Phy",,,
164,31,1,"Phy_mil",,,
165,31,2,"Pmo",,"K+ red PD+ yellow-orange no reproduction no maculae; Pmo_hyp or Pmo_ret or Pmo_ult",
166,31,3,"Pmo_hyp",,,
167,31,4,"Fla_cap",,,
168,31,5,"UnID_cr7",,,
169,31,6,"Lec_sp3",,"could not find spores; may be undeveloped Lec_cae",
170,31,7,"Cdl_eff",,,
171,31,8,"Pyr_var",,,
172,31,9,"UnID_cr1",,,
173,31,10,"Pun_rud",,,
174,31,16,"Can_car",,,
175,31,11,"Bue_eru",,,
176,31,12,"Lec_str",,"previously Lec_sp2",
177,31,13,"Pps_min",,"K- or maybe faint yellow C- KC- P- but short cilia no reproduction",
178,32,1,"Can_car",,,
179,32,2,"Och_afr","p3",,
180,32,3,"Pun_rud",,,
181,32,4,"Pps_min","p16",,
182,32,5,"Pyr_var",,,
183,32,6,"Bue_eru",,,
184,32,8,"Phy_mil",,,
185,32,9,"Usn_bai",,,
186,32,10,"Fla_cap",,,
187,32,11,"Sco_chl",,,
188,32,13,"Lec_str",,"previously Lec_sp2",
189,32,14,"Lep_sp1",,,
190,33,1,"Lec_cae",,,
191,33,2,"Pun_rud",,,
192,33,3,"Phy_mil",,,
193,33,4,"Can_car",,,
194,33,5,"UnID_cr8",,"probably Per_tra",
195,33,6,"Pmo_hyp2","p26","K+ orange red PD- C- long cilia no reproduction tan lower",
196,33,7,"Bue_eru",,,
197,33,9,"Pyr_var",,,
198,33,11,"Pps_min",,,
199,33,12,"Pyx_sub",,,
200,33,13,"Och_afr",,,
201,33,15,"Pmo_ret",,,
202,33,16,"Art_sus",,,
203,33,18,"Mar_pol",,,
204,33,19,"Pmo",,"K+ yellow C- PD- small cilia thin brown rim",
205,34,1,"Fla_cap",,,
206,34,2,"Pmo_ult",,"marginal isidia maybe breaking into soredia",
207,34,3,"Pun_rud",,,
208,34,4,"Phy_mil",,,
209,34,5,"Can_car",,"ridged surface very few isidia; may be Can_tex?",
210,34,6,"Pmo",,"K+ red PD+ yellow long cilia no reproduction no white blotches",
211,34,7,"Lec_sp1",,,
212,34,8,"Och_afr",,,
213,34,9,"Pyr_var",,"one piece may be different species or just undeveloped apothecia",
214,34,10,"Pmo_sub",,"no apothecia K- C- KC+ yellow PD+ red-orange few cilia",
215,34,12,"Bue_eru",,,
216,34,14,"Pyx_sub",,,
217,35,1,"Lec_cae",,"K+ yellow or K- C- PD- brown tips no reproduction ciliate",
218,35,2,"Pmo",,"may be Pps_min",
219,35,3,"Bue_eru",,,
220,35,4,"Pun_rud",,,
221,35,6,"Pmo_ret",,,
222,35,7,"Pyr_var",,,
223,35,8,"Can_car",,,
224,35,9,"Can_tex","p14",,
225,35,11,"Fla_cap",,,
226,35,12,"Pmo_hyp",,,
227,36,1,"Per_tra",,"no soredia",
228,36,2,"Lec_sp1",,"possibly different species",
229,36,3,"Pun_rud",,,
230,36,4,"Per_con",,,
231,36,5,"Pmo_ult",,"laminal isidia",
232,36,6,"Bue_eru",,,
233,36,8,"Usn_str",,"medulla white",
234,36,10,"Can",,,
235,37,1,"Pun_rud",,,
236,37,2,"Htr_liv",,,
237,37,3,"Fla_cap",,,
238,37,4,"Lec_sp1",,,
239,37,5,"Pmo_sui","p7",,
240,37,6,"Pmo_ret",,"K+ turning deep red but with soredia; may be same as 239",
241,37,7,"Phy_mil",,,
242,37,8,"Och_afr",,,
243,37,10,"Bue_eru",,,
244,38,1,"Cdl_eff",,,
245,38,2,"Pun_rud",,,
246,38,3,"Pmo",,"K+ red PD+ yellow probably Pmo_hyp",
247,38,4,"Usn_str",,,
248,38,19,"Usn_str",,"K+ yellow PD+ yellow; mounded papillae at tips; pink solid axis; previously Usn_sp2",
249,38,20,"Usn_str",,"K+ red PD+ faint yellow white medulla; previously Usn_sp1",
250,38,5,"Lec",,"asci K\I deep blue; spores possibly 2 celled 7 x 2.7um; may be Lec_sp2",
251,38,6,"Lec_sp1",,"spores look somewhat less round than Lec_sp1",
252,38,7,"Phy_mil",,,
253,38,8,"Bue_eru",,,
254,38,9,"Pmo_ret",,"possibly Pmo_sui; K+ turning deep red PD+ light yellow possibly some isidia",
255,38,10,"UnID_cr1",,,
256,38,11,"Pyr_var",,,
257,38,12,"Pyx_sub",,,
258,38,14,"Fla_cap",,,
259,38,15,"Per_tra",,"no soredia",
260,38,16,"Phy_ste","p21",,
261,38,17,"Cal_sp1",,,
262,39,1,"Pun_rud",,,
263,39,2,"Pmo_ret",,"maculate sorediate with blotches of white",
264,39,3,"Can_car",,,
265,39,4,"Per_tra","p17",,
266,39,5,"Pyx_sub",,,
267,39,6,"Per_sp3",,"spores 62um black ostiole sloping sides maybe rough inner walls 2 spores per ascus K+ deep yellow",
268,39,7,"UnID_cr7",,,
269,40,1,"Pmo_ret",,"non-sorediate specimens may be Pmo_sui",
270,40,2,"Pyr_var",,,
271,40,3,"Bue_eru",,,
272,40,4,"Pun_rud",,,
273,40,5,"Mar_pol",,,
274,40,6,"Lec_cae",,,
275,40,7,"Pmo",,"K+ red PD+ yellow no maculae or reproduction long cilia",
276,40,8,"Per_tra",,,
277,40,9,"Art_sus",,,
278,40,11,"Cdl_eff",,,
279,40,12,"Pmo_hyp",,,
280,40,13,"Fla_cap",,,
281,40,14,"Phy_mil",,,
282,40,16,"UnID_cr9",,,
283,40,17,"Lep_sp1",,"did not spot test because too small",
284,40,19,"Pyx_sub",,,
285,40,20,"Htr_liv",,,
286,41,1,"Pun_rud",,,
287,41,2,"Pmo_ret",,,
288,41,3,"Per_tra",,,
289,41,4,"Mar_pol",,,
290,41,5,"Bue_eru",,,
291,41,6,"Can",,,
292,41,7,"UnID_cr8",,"possibly Per_tra",
293,41,8,"Pyr_var",,,
294,41,9,"Htr",,"probably Htr_liv",
295,41,10,"Can_car",,,
296,41,11,"Fla_cap",,,
297,41,13,"Per",,"could not find spores; likely Per_sp3 or Per_sp1",
298,41,14,"Het_obs","p27",,
299,43,1,"Usn_str",,"previously Usn_sp1",
300,43,2,"Fla_cap",,,
301,43,3,"Pun_rud",,,
302,43,4,"Bue_eru",,,
303,43,5,"Can_tex",,,
304,43,6,"Pmo_hyp",,,
305,43,7,"Per_sp3","p3","single black ostiole; 2 spores per asci; ascospores 69 x 18um maybe ridged?; epihymenium maybe K+ light violet; medulla K+ yellow C-, PD-",
306,43,8,"Phy_mil",,,
307,43,9,"Pyr_var",,,
308,43,10,"UnID_cr1",,,
309,43,11,"Pmo_sui",,"no isidia; maculate K+ deep red PD light yellow",
310,43,12,"Pps_min",,"isidiate; K- C- PD-; short cilia",
311,43,13,"Per_sp2",,"ascospores 37um long and 6per ascus",
312,43,16,"Phy_ste",,"no apothecia but has pycnidia; K- medulla maybe",
313,43,17,"Pyx_sub",,,
314,42,1,"Per_tra",,,
315,42,2,"Pmo_sui",,"K+ deep red; PD+ yellow",
316,42,3,"Pun_rud",,,
317,42,4,"Can_cro","p11","PD+ orange",
318,42,5,"Bue_eru",,,
319,42,6,"Mye_aur","p19",,
320,42,8,"Pyx_sub",,,
321,42,9,"Mar_pol",,,
322,42,10,"Pyr_var",,,
323,42,11,"Can_car",,,
324,44,1,"Usn_str",,,
325,44,2,"Pmo_hyp",,,
326,44,3,"Can_cro",,"PD+ orange",
327,44,4,"Pps_min",,"PD- C-",
328,44,5,"Fla_cap",,,
329,44,6,"Bue_eru",,,
330,44,7,"Phy",,,
331,44,8,"Pmo_per","p8","no reproduction; K+ deep red PD+ yellow-orange",
332,44,13,"Pmo_sub",,"K+ yellow PD+ orange; pycnidia on lope tips; maybe isidia; few cilia; white medulla",
333,44,9,"Phy_mil",,"has few small apothecia",
334,44,10,"Pun_rud",,,
335,45,1,"Pun_rud",,,
336,45,2,"Cdl_eff",,,
337,45,3,"Bue_eru",,,
338,45,4,"Pyr_var",,,
339,45,5,"Phy_mil",,,
340,45,6,"Pmo_ret",,"ciliate maculate; K+ orange PD+ orange",
341,45,7,"UnID_cr10",,"originally IDed as UnID_cr7",
342,45,8,"Per_tra",,,
343,45,9,"Per_sp2",,,
344,45,10,"Lec_sp1",,,
345,45,11,"Fla_cap",,,
346,45,12,"Sco_chl",,"no spores; brown hyphae or cyanobacteria growing into ascomata; multiple photobionts? Some small green some large orange",
347,45,13,"Pmo",,"K+ dark red PD+ light yellow; no reproduction",
348,45,16,"Pyx_sub",,,
349,45,18,"Per_tet",,,
350,45,14,"Gya_buc",,"previously UnID_hyp1",
351,46,1,"Fla_cap",,,
352,46,2,"Pun_rud",,,
353,46,3,"Htr_liv",,,
354,46,4,"Mye_obs","p13","maybe Pps_min except K+ yellow PD+ yellow-orange C+ pink isidia",
355,46,5,"Phy_mil",,,
356,46,6,"Per_sp2",,,
357,46,7,"Lec_sp1",,,
358,46,8,"Bue_eru",,"mostly dead; K+ yellow not red",
359,46,10,"Sco_chl",,"did not check spores",
360,46,11,"Lec_str",,"previously Lec_sp2",
361,46,12,"Cdl_eff",,,
362,46,13,"Art",,"asci Arthonia shaped no spores; hymenial gel I+ red; photobiont Trentepohlia",
363,46,16,"Pyr_var",,,
364,46,17,"Lep_sp1",,,
365,46,18,"Pmo",,"probably Pmo_hyp; K+ red PD+ yellow",
366,46,19,"Pyx_sub",,,
367,46,20,"Mar_pol",,,
368,47,1,"Pun_rud",,,
369,47,2,"Pmo_sub",,"C- K- or light yellow PD+ dark orange few cilia pycnidia white medulla",
370,47,3,"Pmo_ret",,"K+ deep red PD+ orange maculae",
371,47,4,"Per_con",,"PD+ red",
372,47,5,"Phy_mil",,,
373,47,6,"Fla_cap",,,
374,47,7,"Per_sp2",,,
375,47,8,"Pyx_sub",,,
376,47,9,"Gra_scr","p30","K+ yellow-orange so maybe not scripta PD-",
377,47,12,"Lec_sp4",,,
378,47,13,"Bue_eru",,,
379,47,14,"Per_sp4","p26",,
380,47,16,"Pps_min",,"K- PD- C- isidiate ciliate",
381,47,17,"Per_tra",,,
382,47,19,"Can_car",,,
383,47,20,"UnID_cr10",,,
384,48,1,"Pun_rud",,,
385,48,2,"Fla_cap",,,
386,48,3,"Pyx_sub",,,
387,48,4,"Pmo_ret",,,
388,48,5,"Lec_sp1",,,
389,48,6,"Per_sp4",,"ascospores 81 um long; UV+ bright orange",
390,48,7,"Per_tra",,,
391,48,8,"Bue_eru",,,
392,48,9,"Phy_mil",,,
393,48,10,"Pmo",,"probably Pmo_hyp but too small to spot test",
394,48,11,"Per_sp2",,,
395,48,12,"Art_rub",,,
396,48,14,"UnID_cr1",,"K+ yellow-orange PD-",
397,48,15,"Pyr_var",,,
398,48,16,"Lec_str",,"previously Lec_sp2",
399,48,13,"UnID_cr11",,"leprose light green crust with mini tan apothecia; could not find spore",
400,48,17,"UnID_cr10",,,
401,49,1,"Pmo",,"probably Pmo_hyp; K+ yellow PD+ yellow light underside near margin ciliate",
402,49,2,"Fla_cap",,,
403,49,3,"Pun_rud",,,
404,49,4,"Pmo_hyp",,,
405,49,5,"Htr_liv",,,
406,49,6,"UnID_cr1",,,
407,49,8,"Pmo_ret",,,
408,49,9,"Art_sus",,,
409,49,10,"Pyx_sub",,,
410,49,11,"Lec_sp1",,,
411,49,12,"Pyr_var",,,
412,49,13,"Cdl_eff",,,
413,49,14,"Lep_sp1",,"with small black pycnidia; somewhat different from other UnID_cr3",
414,49,15,"Per_sp2",,,
415,49,16,"Phy_mil",,"with apothecia",
416,49,17,"Bue_eru",,,
417,49,19,"Usn_str",,"no apothecia; K+ yellow maybe red",
418,50,1,"Art_sus",,"no spores",
419,50,2,"Phy_mil",,,
420,50,3,"Pyx_sub",,,
421,50,4,"Mar_pol",,,
422,50,5,"Lec_sp1",,,
423,50,6,"Art_cae",,,
424,50,7,"Bue_eru",,,
425,50,8,"Pun_rud",,,
426,50,9,"Cat_nig",,"no spores but paraphyses with grey caps",
427,50,10,"Cdl_eff",,,
428,50,11,"Phy_mil",,"with apothecia",
429,50,12,"Phy_ame",,,
430,50,23,"Pmo_ret",,"PD+ orange K+ red; could be Pmo_ult UV+ yellow/orange",
431,50,15,"Lec_str",,"previously Lec_sp2",
432,50,17,"UnID_cr12",,,
433,50,18,"Can_car",,"uncertain ID; could be PD+ orange",
434,50,14,"Pyr_var",,,
435,51,1,"Pyx_sub",,,
436,51,2,"Lec_cae",,,
437,51,3,"Fla_cap",,,
438,51,4,"Pun_rud",,,
439,51,5,"Pmo_ret",,,
440,51,6,"Phy_mil",,,
441,51,7,"UnID_cr1",,,
442,51,8,"Can_car",,,
443,51,9,"Lec_sp1",,,
444,51,10,"Lec_sp4",,"could not find spores",
445,51,11,"Pmo_sui",,"no isidia; could be Pmo_ret",
446,51,13,"Per_sp2",,,
447,51,14,"Fol",,"cortex K+ yellow medulla maybe K-; medulla maybe light yellow",
448,51,15,"Pyr_var",,,
449,51,16,"Lec_alb2",,,
450,52,1,"Pun_rud",,,
451,52,2,"Pmo_ret",,,
452,52,3,"Fla_cap",,,
453,52,4,"Lca_nae",,,
454,52,19,"UnID_cr10",,"Originally IDed as UnID_cr7",
455,52,5,"Cdl_eff",,,
456,52,6,"Lep_sp1",,,
457,52,7,"Bue_eru",,,
458,52,8,"Lec_sp1",,,
459,52,10,"Usn",,"base blackened; medulla white K-",
460,52,11,"UnID_cr1",,,
461,52,12,"Pyx_sub",,,
462,52,13,"Pyr_var",,,
463,52,14,"Pmo",,,
464,52,15,"Phy_mil",,,
465,52,16,"Per_sp3",,,
466,52,17,"Lec_str",,"could not find spores; previously Lec_sp2",
467,53,1,"Fla_cap",,,
468,53,2,"Can_car",,,
469,53,3,"Pun_rud",,,
470,53,4,"Lec_cae",,,
471,53,5,"Pmo_ret",,,
472,53,6,"Pyr_var",,,
473,53,7,"Bue_eru",,,
474,53,8,"Pyx_sub",,,
475,53,9,"Lep_sp1",,,
476,53,10,"Per_tra",,,
477,53,11,"UnID_cr7",,,
478,53,12,"Pmo_hyp",,,
479,53,13,"Pmo",,"previously IDed as Pmo_sp1",
480,54,1,"Pmo_ret",,,
481,54,2,"Lec_sp1",,,
482,54,3,"Lec_cae",,,
483,54,8,"Pun_rud",,,
484,54,9,"Pmo_hyp",,,
485,54,10,"Bue_eru",,,
486,54,11,"Htr_liv",,,
487,54,12,"Mar_pol",,"no apothecia",
488,54,13,"Mye_aur",,"K- maybe light yellow PD- laminal soralia but medulla white",
489,54,14,"Pyx_sub",,,
490,54,15,"UnID_cr1",,,
491,54,16,"Phy_mil",,,
492,54,17,"Pyr_var",,,
493,61,1,"Can_car",,,
494,61,2,"Fla_cap",,,
495,61,3,"Pyr_var",,,
496,61,4,"UnID_cr13",,"black pycnidia probably not from lichenized fungus; septate 6?-celled spores light brown tapered evenly thickened walls",
497,61,5,"Per_tra",,,
498,61,6,"Usn",,,
499,61,7,"UnID_hyp2","p34",,
500,61,9,"Pps_min",,"possibly Mye? Check K rxn",
501,61,10,"UnID_cr1",,"probably Per_tra",
502,61,11,"Mar_pol",,,
503,61,12,"Pmo",,"did not spot test; probably Pmo_hyp",
504,61,13,"Pun_rud",,,
505,61,14,"Lec_str",,"previously Lec_sp2",
506,62,1,"Usn_str",,"previously Usn_str2",
507,62,2,"Pyr_var",,,
508,62,3,"UnID_hyp2",,,
509,62,4,"Htr_liv",,,
510,62,5,"Lec_cae",,,
511,62,6,"UnID_cr14",,,
512,62,7,"Lca_nae",,,
513,62,8,"Bue_eru",,,
514,62,9,"Can_car",,,
515,62,10,"Lep_sp1",,,
516,62,11,"Fla_cap",,,
517,62,12,"Lec_str",,"previously Lec_sp2",
518,62,13,"UnID_cr4",,"K+ bright red PD+ yellow pycnidia?",
519,62,14,"Pun_rud",,"maybe not Pun_rud samples very small",
520,63,1,"Lec_str","p3","originally IDed as Lec_alb prior to sequencing",
521,63,2,"Pyr_var",,,
522,63,3,"Pun_rud",,,
523,63,4,"Bue_eru",,,
524,63,5,"UnID_cr1",,,
525,63,6,"Per_sp4",,,
526,63,7,"Pmo",,"did not spot test probably Pmo_hyp",
527,63,8,"Can_car",,,
528,63,9,"Lca_nae",,,
529,63,10,"Lec_str",,"may be same as Lec_alb; previously Lec_sp2",
530,63,12,"Fla_cap",,"PD+ red but maybe not Fla_cap sample small",
531,63,13,"Fol",,"medulla PD- K- small cilia",
532,63,16,"UnID_cr8",,"PD+ yellow",
533,63,17,"Cdl_eff",,,
534,64,1,"Pun_rud",,,
535,64,2,"Can_car",,,
536,64,3,"Pmo_hyp",,,
537,64,4,"Per_tra",,,
538,64,5,"Pyr_var",,,
539,64,6,"Gya_buc","p34","previously UnID_hyp1",
540,64,7,"Och_afr",,,
541,64,8,"Bue_eru",,,
542,64,9,"Mar_pol",,,
543,64,10,"Htr_liv",,,
544,64,11,"Fla_cap",,,
545,64,13,"Lec_str",,"previously Lec_sp2",
546,64,14,"Pmo",,"too small to spot test; probably Pmo_ret",
547,65,1,"Can_car",,,
548,65,2,"Pps_min",,"could be hypotrachyna?",
549,65,3,"Gya_buc",,"previously UnID_hyp1",
550,65,4,"Pun_rud",,,
551,65,5,"UnID_cr7",,,
552,65,6,"Per_tra",,,
553,65,7,"Pmo_ret",,,
554,65,8,"Pyr_var",,,
555,65,9,"Pmo",,"too small to spot test; probably Pmo_hyp",
556,65,10,"Lca_nae","p28",,
557,65,11,"Lep_sp1",,,
558,65,12,"Phy",,,
559,66,1,"Pun_rud",,,
560,66,2,"Can_car",,,
561,66,3,"Htr_liv",,,
562,66,4,"Per_tra",,,
563,66,5,"UnID_cr13",,,
564,66,6,"Lec_str",,"previously Lec_sp2",
565,66,7,"Bue_eru",,,
566,66,8,"Usn",,,
567,66,9,"Pmo_ret",,,
568,66,10,"Pmo",,"too small to spot test; probably Pmo_hyp",
569,55,1,"Fla_cap",,,
570,55,2,"Pun_rud",,,
571,55,3,"Can_car",,,
572,55,4,"Per_tra",,,
573,55,5,"Lec_sp1",,,
574,55,6,"Bue_eru",,,
575,55,7,"Pmo_hyp",,,
576,55,8,"Per_sp4",,"possibly Per_sp2",
577,55,9,"Pyx_sub",,,
578,55,10,"Phy_mil",,,
579,55,12,"Pmo_ret",,,
580,55,13,"Usn",,,
581,56,1,"Fla_cap",,,
582,56,2,"Lec_sp1",,,
583,56,3,"Pun_rud",,,
584,56,4,"Cat_nig",,,
585,56,5,"Bue_eru",,,
586,56,6,"Can_car",,,
587,56,7,"Pmo_ult",,"K+ red PD+ orange isidia with cilia",
588,56,9,"Pyx_sub",,,
589,56,10,"Pyr_var",,,
590,56,11,"UnID_cr1",,,
591,56,12,"Phy_mil",,,
592,57,1,"Lec_sp1",,,
593,57,2,"Bue_eru",,,
594,57,3,"Per_tra",,,
595,57,4,"Pun_rud",,,
596,57,5,"Phy_mil",,,
597,57,6,"Pyx_sub",,,
598,58,1,"Can_car",,,
599,58,2,"Fla_cap",,,
600,58,3,"Pmo_ret",,"may be Pmo_hyp because PD+ yellow",
601,58,4,"Pun_rud",,,
602,59,1,"Pun_rud",,,
603,59,2,"Pmo_hyp",,"may be Pmo_ret because soralia wrong",
604,59,3,"Can_car",,,
605,59,4,"Pmo_ult",,"K+ red PD+ yellow isidia with cilia; maculate",
606,60,1,"Fla_cap",,,
607,60,2,"Pun_rud",,,
608,60,3,"Pmo_ret",,"may be Pmo_hyp PD+ yellow",
609,60,4,"Can_car",,,
610,67,1,"Fla_cap",,,
611,67,2,"Pmo_sub",,"PD+ yellow-orange K- maybe pycnidia",
612,67,3,"Lec_str",,"previously Lec_sp2",
613,67,4,"Mar_pol",,,
614,67,5,"Htr_liv",,,
615,67,6,"Pyr_var",,,
616,67,7,"Bue_eru",,,
617,67,8,"Pmo_ult",,,
618,67,9,"Pun_rud",,,
619,67,10,"Per_sp4",,,
620,67,11,"Usn_str",,"axis not pink; PD+ yellow K+ red; previously Usn_sp1",
621,67,12,"Pmo_hyp",,,
622,67,15,"UnID_cr1",,,
623,67,16,"Pmo",,"too small to ID",
624,67,17,"Phy_mil",,,
625,67,18,"Phy_pum",,,
626,68,1,"Pun_rud",,,
627,68,2,"Fla_cap",,,
628,68,3,"Can_car",,,
629,68,4,"Htr_liv",,,
630,68,5,"Lep_sp1","p3",,
631,68,7,"Per_tra",,,
632,68,8,"Usn_str",,"previously Usn_str2",
633,68,9,"Pmo_hyp",,"no soredia",
634,68,10,"Phy_pum",,"no apothecia",
635,68,12,"Lep",,"originally labeled UnID_cr3 but not Lca_nae",
636,68,13,"Pyr_var",,,
637,68,14,"Mar_pol",,,
638,68,15,"Pmo",,"too small to ID; probably Pmo_ret and another",
639,68,17,"Phy_mil",,,
640,68,18,"Lec_str",,"previously Lec_sp2",
641,68,11,"Gya_buc",,"no hyphophores; previously UnID_hyp1",
642,69,1,"Fla_cap",,,
643,69,2,"Htr_liv",,,
644,69,3,"Per_tra",,,
645,69,4,"Lep_sp1",,"mey not be Lepraria",
646,69,5,"Usn",,"too small to ID",
647,69,6,"Pyr_var",,,
648,69,7,"Pmo_hyp",,,
649,69,8,"Lec_sp1",,,
650,69,9,"Lec_cae",,,
651,69,10,"Pun_rud",,,
652,69,11,"Per",,,
653,69,12,"Lec_str",,"may be two different Lecanora; spores slightly different sizes and apothecia slightly different shapes; previously Lec_sp2",
654,69,13,"Mar_pol",,,
655,69,15,"Och_afr",,,
656,69,16,"Lec_str",,"maybe same as 653; ID based on apothecia color and shape",
657,69,17,"Can_tex",,"UV+ light blue",
658,69,18,"Bue_eru",,,
659,70,1,"Pun_rud",,,
660,70,2,"Phy_mil",,,
661,70,3,"Mar_pol",,,
662,70,4,"Fla_cap",,,
663,70,5,"Pps_min",,,
664,70,6,"Lep_sp1",,,
665,70,7,"Lec_str",,"previously Lec_sp2",
666,70,8,"Pyr_var",,,
667,70,9,"Pmo_sub",,,
668,70,10,"Pmo_ret",,"could be Pmo_ult",
669,70,11,"Lec_sp1",,,
670,70,12,"UnID_hyp2",,,
671,70,13,"Pyx_sub",,,
672,70,14,"Bue_eru",,,
673,70,15,"Het_obs",,,
674,70,16,"Art_sus",,,
675,70,17,"UnID_cr1",,"probably Pertusaria",
676,70,18,"Htr_liv",,,
677,70,19,"Per_tra",,,
678,70,20,"UnID_cr2",,,
679,70,21,"Och_afr",,,
680,70,22,"Bue",,"LNA keys to Buellia schaereri; spores 8um 2-celled brown apothecia tiny thallus imperceptible or green",
681,70,23,"Cdl_eff",,,
682,70,24,"Usn",,,
683,70,25,"Can_car",,"could be Can_tex UV test inconclusive",
684,71,1,"Pmo_ret",,,
685,71,2,"Fla_cap",,,
686,71,3,"Bue_eru",,,
687,71,4,"Usn_str",,"previously Usn_sp2",
688,71,5,"Can_car",,,
689,71,6,"Pun_rud",,,
690,72,1,"Fla_cap",,,
691,72,2,"Htr_liv",,,
692,72,3,"Pps_min",,,
693,72,4,"Can_car",,,
694,72,5,"Pmo_ret",,,
695,72,6,"Pmo_hyp",,,
696,72,10,"Pun_rud",,,
697,72,12,"Lec_str",,"previously Lec_sp2",
698,72,13,"Lca_nae",,,
699,72,14,"Bue_eru",,,
700,72,15,"Mar_pol",,,
701,72,9,"Pyr_var",,,
702,70,26,"Lec",,"smooth grey thick crust",
